Is gateway,Status,Last active,Name,MAC,Serial,Tags,Model,Product description,Latitude,Longitude,Internet address,LAN IP,Usage,Client count,Download speed,Gateway node,Gateway route length,Ping latency,Last active timestamp,Clients probing,Current client count
true,OK,now,LVB Goerdelerring - Bb1,00:18:0a:23:91:e2,Q2CK-FBE2-EF8K, LEIPZIGER LVB ,MR66,Meraki MR66 Cloud Managed AP,51.3441304400888,12.3722961719614,146.0.126.160,192.168.2.3,15970433024,817,"",00:18:0a:23:91:e2,"","",Fri Feb 10 10:22:34 CET 2017,,7
true,OK,now,LVB Augustusplatz Pergola 8,e0:55:3d:10:0c:ea,Q2EK-FQJL-YN2X, LEIPZIGER LVB ,MR84,Meraki MR84 Cloud Managed AP,51.3383058286471,12.3801094203009,146.0.126.160,192.168.17.4,1725681664,222,"",e0:55:3d:10:0c:ea,"","",Fri Feb 10 10:22:49 CET 2017,,4
true,OK,now,LVB Bornaische Str - 2 Etage,88:15:44:ba:94:60,Q2JD-JDTJ-58PL, LEIPZIGER LVB ,MR32,Meraki MR32 Cloud Managed AP,51.3345990643209,12.3719645969686,85.239.122.61,192.168.100.14,47987712,6,"",88:15:44:ba:94:60,"","",Fri Feb 10 10:22:38 CET 2017,,0
true,OK,now,LVB Goerdelerring - Bb2,00:18:0a:23:9d:8c,Q2CK-KZCL-3BTD, LEIPZIGER LVB ,MR66,Meraki MR66 Cloud Managed AP,51.3441270892512,12.3721191461664,146.0.126.160,192.168.2.50,3649742848,440,"",00:18:0a:23:9d:8c,"","",Fri Feb 10 10:22:41 CET 2017,,1
true,OK,now,Altes Rathaus - Markt Nord,00:18:0a:5d:b4:e0,Q2DK-57JT-9KNN, LEIPZIGER ,MR72,Meraki MR72 Cloud Managed AP,51.3407622220473,12.3752063690699,146.0.126.160,192.168.7.2,322982912,41,"",00:18:0a:5d:b4:e0,"","",Fri Feb 10 10:22:26 CET 2017,,1
true,OK,now,LVB Augustusplatz Mast 3,88:15:44:cc:5f:94,Q2CK-ZUYH-8765, LEIPZIGER LVB ,MR66,Meraki MR66 Cloud Managed AP,51.3390569746492,12.3816901534337,146.0.126.160,192.168.3.177,6479127552,404,"",88:15:44:cc:5f:94,"","",Fri Feb 10 10:22:22 CET 2017,,6
true,OK,now,LVB HBF - West2,00:18:0a:23:95:2a,Q2CK-GQ4J-JHUJ, LEIPZIGER LVB ,MR66,Meraki MR66 Cloud Managed AP,51.3440552796437,12.379756285809,146.0.126.160,192.168.10.4,16445362176,915,"",00:18:0a:23:95:2a,"","",Fri Feb 10 10:22:16 CET 2017,,10
true,OK,now,LVB Neues Rathaus 1,88:15:44:55:0e:38,Q2CK-6E6S-2X4U, LEIPZIGER LVB ,MR66,Meraki MR66 Cloud Managed AP,51.3358207828665,12.3709228812731,146.0.126.160,192.168.9.1,550988800,227,"",88:15:44:55:0e:38,"","",Fri Feb 10 10:22:36 CET 2017,,1
true,OK,now,LVB Augustusplatz Pergola 2,e0:55:3d:10:07:90,Q2EK-7HJ8-HY7H, LEIPZIGER LVB ,MR84,Meraki MR84 Cloud Managed AP,51.3397451568957,12.3805654226817,146.0.126.160,192.168.18.4,645821440,326,"",e0:55:3d:10:07:90,"","",Fri Feb 10 10:22:15 CET 2017,,3
true,OK,now,LVB Jahnallee Sportforum 1-1,00:18:0a:5c:cd:90,Q2DK-RGHG-HFCH, LEIPZIGER LVB ,MR72,Meraki MR72 Cloud Managed AP,51.340661052686,12.3516583442688,146.0.126.160,192.168.16.1,1657134080,153,"",00:18:0a:5c:cd:90,"","",Fri Feb 10 10:21:12 CET 2017,,1
true,OK,now,LVB Leibnizstraße 2-2,e0:55:3d:4b:37:20,Q2DK-ZHPQ-MVGN, LEIPZIGER LVB ,MR72,Meraki MR72 Cloud Managed AP,51.3432605543703,12.3652893304825,146.0.126.160,192.168.15.1,248932352,171,"",e0:55:3d:4b:37:20,"","",Fri Feb 10 10:21:48 CET 2017,,2
true,OK,now,Altes Rathaus - Markt Mitte-Sued,00:18:0a:5d:7b:70,Q2DK-2AN4-9A9Y, LEIPZIGER ,MR72,Meraki MR72 Cloud Managed AP,51.3403634413816,12.3752010046519,146.0.126.160,192.168.7.79,286555136,52,"",00:18:0a:5d:7b:70,"","",Fri Feb 10 10:22:11 CET 2017,,3
true,OK,now,LWB Pinguin APxx,e0:55:3d:10:0d:16,Q2EK-H6UG-KDUK, LEIPZIGER ,MR84,Meraki MR84 Cloud Managed AP,51.3415420460909,12.3759073374822,146.0.126.160,192.168.21.2,646100992,29,"",e0:55:3d:10:0d:16,"","",Fri Feb 10 10:22:50 CET 2017,,0
true,OK,now,LVB Angerbrücke,00:18:0a:5e:b9:f0,Q2DK-8ZS5-EQUB, LEIPZIGER LVB ,MR72,Meraki MR72 Cloud Managed AP,51.3379218560107,12.3407873511314,91.39.23.82,192.168.2.100,2578558976,375,"",00:18:0a:5e:b9:f0,"","",Fri Feb 10 10:20:52 CET 2017,,2
true,OK,now,LVB Goerdelerring 4,00:18:0a:23:90:16,Q2CK-EJHB-MMRX, LEIPZIGER LVB ,MR66,Meraki MR66 Cloud Managed AP,51.3443902632114,12.3723006248474,146.0.126.160,192.168.2.1,2445032448,457,"",00:18:0a:23:90:16,"","",Fri Feb 10 10:22:11 CET 2017,,6
true,OK,now,LVB HBF - West1,00:18:0a:23:97:3e,Q2CK-HKH6-Y8TE, LEIPZIGER LVB ,MR66,Meraki MR66 Cloud Managed AP,51.3440938143209,12.3796597262844,146.0.126.160,192.168.10.2,44116981760,1364,"",00:18:0a:23:97:3e,"","",Fri Feb 10 10:22:43 CET 2017,,12
true,OK,now,Altes Rathaus - Naschmarkt Sued,00:18:0a:5e:1e:40,Q2DK-AKNU-C27B, LEIPZIGER ,MR72,Meraki MR72 Cloud Managed AP,51.3399981686284,12.3754477678813,146.0.126.160,192.168.7.77,105400320,67,"",00:18:0a:5e:1e:40,"","",Fri Feb 10 10:22:42 CET 2017,,2
true,OK,now,LVB Augustusplatz Pergola 3,e0:55:3d:10:0c:82,Q2EK-D6K6-FHUA, LEIPZIGER LVB ,MR84,Meraki MR84 Cloud Managed AP,51.3395759230519,12.3804956852473,146.0.126.160,192.168.18.1,1507674112,149,"",e0:55:3d:10:0c:82,"","",Fri Feb 10 10:22:44 CET 2017,,2
true,OK,now,Altes Rathaus - Naschmarkt Mitte-Sued,00:18:0a:5d:81:40,Q2DK-2KYP-KQK8, LEIPZIGER ,MR72,Meraki MR72 Cloud Managed AP,51.3402646002187,12.3754638611354,146.0.126.160,192.168.7.80,679796736,11,"",00:18:0a:5d:81:40,"","",Fri Feb 10 10:22:38 CET 2017,,1
true,OK,now,LVB Waldplatz 1-2,e0:55:3d:4a:fa:40,Q2DK-WLEN-A3YE, LEIPZIGER LVB ,MR72,Meraki MR72 Cloud Managed AP,51.3423233145432,12.3594890534878,146.0.126.160,192.168.13.1,106734592,163,"",e0:55:3d:4a:fa:40,"","",Fri Feb 10 10:22:47 CET 2017,,2
true,OK,now,LWB Pinguin APxx,e0:55:3d:10:08:2e,Q2EK-CCDT-TMZV, LEIPZIGER ,MR84,Meraki MR84 Cloud Managed AP,51.3410857680182,12.3753529787064,146.0.126.160,192.168.21.11,2937856,9,"",e0:55:3d:10:08:2e,"","",Fri Feb 10 10:22:52 CET 2017,,0
true,OK,now,LWB Pinguin APxx,e0:55:3d:10:07:66,Q2EK-64EA-98G5, LEIPZIGER ,MR84,Meraki MR84 Cloud Managed AP,51.3414376279691,12.3753154277802,146.0.126.160,192.168.21.3,42691584,21,"",e0:55:3d:10:07:66,"","",Fri Feb 10 10:22:47 CET 2017,,0
true,OK,now,LVB Augustusplatz Pergola 4,e0:55:3d:10:07:d4,Q2EK-9GW5-2259, LEIPZIGER LVB ,MR84,Meraki MR84 Cloud Managed AP,51.3393949594931,12.3804179011859,146.0.126.160,192.168.18.5,3258100736,98,"",e0:55:3d:10:07:d4,"","",Fri Feb 10 10:22:14 CET 2017,,5
true,OK,now,LWB Pinguin APxx,e0:55:3d:10:05:a4,Q2EK-PYTV-WHG6, LEIPZIGER ,MR84,Meraki MR84 Cloud Managed AP,51.3412783195958,12.3753244933323,146.0.126.160,192.168.21.10,700736512,83,"",e0:55:3d:10:05:a4,"","",Fri Feb 10 10:22:35 CET 2017,,0
true,OK,now,LVB Augustusplatz Gewandhaus 1-1,00:18:0a:5d:9b:20,Q2DK-3URV-Z82L, LEIPZIGER LVB ,MR72,Meraki MR72 Cloud Managed AP,51.3391101415955,12.3806782362226,146.0.126.160,192.168.3.170,9361841152,553,"",00:18:0a:5d:9b:20,"","",Fri Feb 10 10:22:29 CET 2017,,3
true,OK,now,Altes Rathaus - Markt Mitte-Nord,00:18:0a:5d:84:c0,Q2DK-2QNF-N8EU, LEIPZIGER ,MR72,Meraki MR72 Cloud Managed AP,51.340582938746,12.3751983224429,146.0.126.160,192.168.7.81,174180352,28,"",00:18:0a:5d:84:c0,"","",Fri Feb 10 10:22:42 CET 2017,,2
true,OK,now,LVB Augustusplatz Pergola 6,e0:55:3d:10:0b:f6,Q2EK-9AZK-H8KQ, LEIPZIGER LVB ,MR84,Meraki MR84 Cloud Managed AP,51.338734771564,12.3802140264524,146.0.126.160,192.168.17.1,802472960,198,"",e0:55:3d:10:0b:f6,"","",Fri Feb 10 10:22:42 CET 2017,,0
true,OK,now,LVB Neues Rathaus 2,88:15:44:cc:5f:b6,Q2CK-ZWJQ-4XR9, LEIPZIGER LVB ,MR66,Meraki MR66 Cloud Managed AP,51.335753753919,12.3709148346461,146.0.126.160,192.168.9.2,579161088,103,"",88:15:44:cc:5f:b6,"","",Fri Feb 10 10:22:25 CET 2017,,0
true,OK,now,LVB Augustusplatz Pergola 1,e0:55:3d:10:0d:04,Q2EK-GK5C-7BXN, LEIPZIGER LVB ,MR84,Meraki MR84 Cloud Managed AP,51.3399143900637,12.3806458889521,146.0.126.160,192.168.18.6,4097301504,162,"",e0:55:3d:10:0d:04,"","",Fri Feb 10 10:22:24 CET 2017,,1
true,OK,now,LVB Augustusplatz Mast 2,00:18:0a:23:9e:38,Q2CK-L943-7ZRG, LEIPZIGER LVB ,MR66,Meraki MR66 Cloud Managed AP,51.3390821087049,12.3816767423887,146.0.126.160,192.168.3.176,8981127168,555,"",00:18:0a:23:9e:38,"","",Fri Feb 10 10:22:32 CET 2017,,2
true,OK,now,LWB Pinguin APxx,e0:55:3d:10:0b:78,Q2EK-5QTR-ETPD, LEIPZIGER ,MR84,Meraki MR84 Cloud Managed AP,51.3408813529016,12.3762434720993,146.0.126.160,192.168.21.5,1506766848,20,"",e0:55:3d:10:0b:78,"","",Fri Feb 10 10:22:31 CET 2017,,1
true,OK,now,LWB Pinguin APxx,e0:55:3d:10:07:10,Q2EK-39L2-KQ2J, LEIPZIGER ,MR84,Meraki MR84 Cloud Managed AP,51.3415381588875,12.3755997419357,146.0.126.160,192.168.21.13,215436288,38,"",e0:55:3d:10:07:10,"","",Fri Feb 10 10:22:38 CET 2017,,0
true,OK,now,LVB Augustusplatz Pergola 7,e0:55:3d:10:0b:8a,Q2EK-6DAW-SFPK, LEIPZIGER LVB ,MR84,Meraki MR84 Cloud Managed AP,51.3385119308739,12.3801496534361,146.0.126.160,192.168.17.3,248635392,99,"",e0:55:3d:10:0b:8a,"","",Fri Feb 10 10:22:15 CET 2017,,0
true,OK,now,LVB Leibnizstraße 2-1,e0:55:3d:65:67:40,Q2DK-KLLZ-CC56, LEIPZIGER LVB ,MR72,Meraki MR72 Cloud Managed AP,51.3432840106714,12.3652625083923,146.0.126.160,192.168.15.3,208468992,294,"",e0:55:3d:65:67:40,"","",Fri Feb 10 10:22:39 CET 2017,,2
true,OK,now,LWB Pinguin APxx,e0:55:3d:10:08:70,Q2EK-EG5U-VQVM, LEIPZIGER ,MR84,Meraki MR84 Cloud Managed AP,51.3413706072344,12.3763346672058,146.0.126.160,192.168.21.14,82312192,25,"",e0:55:3d:10:08:70,"","",Fri Feb 10 10:22:37 CET 2017,,1
true,OK,now,LVB Augustusplatz Pergola 5,e0:55:3d:10:09:5a,Q2EK-PC6V-WFBT, LEIPZIGER LVB ,MR84,Meraki MR84 Cloud Managed AP,51.3389525843983,12.3802703528418,146.0.126.160,192.168.17.2,1867199488,88,"",e0:55:3d:10:09:5a,"","",Fri Feb 10 10:22:53 CET 2017,,0
true,OK,now,LVB Servicecenter Markgrafenstr 1,88:15:44:2c:a3:f0,Q2DK-M6LQ-EZSP, LEIPZIGER LVB ,MR72,Meraki MR72 Cloud Managed AP,51.3367441300905,12.3745198843244,146.0.126.160,192.168.11.205,854294528,36,"",88:15:44:2c:a3:f0,"","",Fri Feb 10 10:22:01 CET 2017,,0
false,OK,now,NATO 1,88:15:44:58:a6:f0,Q2DK-WTFU-CSGP, LEIPZIGER NATO ,MR72,Meraki MR72 Cloud Managed AP,51.32525,12.37301,109.104.56.194,N/A,957136896,140,0.0,88:15:44:2c:96:90,1,"",Fri Feb 10 10:22:12 CET 2017,,1
true,OK,now,LVB Augustusplatz Mast 1,00:18:0a:23:92:b8,Q2CK-FNH9-L9MD, LEIPZIGER LVB ,MR66,Meraki MR66 Cloud Managed AP,51.3390661904712,12.3816593080301,146.0.126.160,192.168.3.171,4445356032,179,"",00:18:0a:23:92:b8,"","",Fri Feb 10 10:22:18 CET 2017,,6
true,OK,now,LVB Leibnizstraße 1-1,e0:55:3d:4b:03:60,Q2DK-X2K4-6RSR, LEIPZIGER LVB ,MR72,Meraki MR72 Cloud Managed AP,51.343340975924,12.3656433820724,146.0.126.160,192.168.15.2,710895616,375,"",e0:55:3d:4b:03:60,"","",Fri Feb 10 10:22:41 CET 2017,,0
true,OK,now,LVB Augustusplatz Gewandhaus 1-2,00:18:0a:5d:05:70,Q2DK-UKGD-Y3QZ, LEIPZIGER LVB ,MR72,Meraki MR72 Cloud Managed AP,51.3390988814684,12.3807213932014,146.0.126.160,192.168.3.174,430706688,108,"",00:18:0a:5d:05:70,"","",Fri Feb 10 10:22:32 CET 2017,,0
true,OK,now,LVB Jahnallee AOK 2-1,e0:55:3d:65:b3:80,Q2DK-PHFA-4M3W, LEIPZIGER LVB ,MR72,Meraki MR72 Cloud Managed AP,51.3416663689805,12.356024980545,146.0.126.160,192.168.14.41,5050641408,262,"",e0:55:3d:65:b3:80,"","",Fri Feb 10 10:22:19 CET 2017,,2
true,OK,now,LVB Leibnizstraße 1-2,e0:55:3d:4b:09:80,Q2DK-XBKZ-RJTZ, LEIPZIGER LVB ,MR72,Meraki MR72 Cloud Managed AP,51.3433342741333,12.3656755685806,146.0.126.160,192.168.15.52,808978432,267,"",e0:55:3d:4b:09:80,"","",Fri Feb 10 10:21:34 CET 2017,,1
true,OK,now,LWB Pinguin APxx,e0:55:3d:10:07:68,Q2EK-6AD5-WKZV, LEIPZIGER ,MR84,Meraki MR84 Cloud Managed AP,51.3409584275608,12.3761039972305,146.0.126.160,192.168.21.1,1893059584,24,"",e0:55:3d:10:07:68,"","",Fri Feb 10 10:22:30 CET 2017,,2
true,OK,now,LVB HBF - Mobiturm,00:18:0a:23:8f:5e,Q2CK-E8GA-LJCJ, LEIPZIGER LVB ,MR66,Meraki MR66 Cloud Managed AP,51.3437541740055,12.378798276186,146.0.126.160,192.168.10.175,11446980608,337,"",00:18:0a:23:8f:5e,"","",Fri Feb 10 10:22:28 CET 2017,,3
true,OK,now,LWB Pinguin APxx,e0:55:3d:10:0d:a2,Q2EK-MG63-ELT6, LEIPZIGER ,MR84,Meraki MR84 Cloud Managed AP,51.3409783664599,12.3757106243647,146.0.126.165,192.168.21.7,5274318848,32,"",e0:55:3d:10:0d:a2,"","",Fri Feb 10 10:22:30 CET 2017,,0
true,OK,now,LVB Richard-Wagner-Platz - NO,e0:55:3d:10:07:c0,Q2EK-8QNH-2H5S, LEIPZIGER LVB ,MR84,Meraki MR84 Cloud Managed AP,51.3440282226249,12.371922889306,146.0.126.160,192.168.2.165,3227034624,645,"",e0:55:3d:10:07:c0,"","",Fri Feb 10 10:22:44 CET 2017,,4
true,OK,now,LWB Pinguin APxx,e0:55:3d:10:09:4c,Q2EK-NSG9-2MGW, LEIPZIGER ,MR84,Meraki MR84 Cloud Managed AP,51.3410422042174,12.3763507604599,146.0.126.160,192.168.21.6,264946688,44,"",e0:55:3d:10:09:4c,"","",Fri Feb 10 10:22:49 CET 2017,,1
true,OK,now,LVB HBF - Ost1,00:18:0a:23:97:9e,Q2CK-HQRA-HMFV, LEIPZIGER LVB ,MR66,Meraki MR66 Cloud Managed AP,51.3437474722751,12.3808582127094,146.0.126.160,192.168.10.1,17225987072,1046,"",00:18:0a:23:97:9e,"","",Fri Feb 10 10:22:11 CET 2017,,14
true,OK,now,Altes Rathaus - Markt Sued,00:18:0a:5e:05:00,Q2DK-9BR3-QD28, LEIPZIGER ,MR72,Meraki MR72 Cloud Managed AP,51.3401050530879,12.3752112641341,146.0.126.160,192.168.7.82,179186688,43,"",00:18:0a:5e:05:00,"","",Fri Feb 10 10:22:49 CET 2017,,1
true,OK,now,NATO 2,88:15:44:2c:96:90,Q2DK-LFWV-2HRD, LEIPZIGER NATO ,MR72,Meraki MR72 Cloud Managed AP,51.32525,12.37301,109.104.56.194,,647752704,38,"",88:15:44:2c:96:90,"","",Fri Feb 10 10:22:34 CET 2017,,1
true,OK,now,LWB Pinguin APxx,e0:55:3d:10:0b:92,Q2EK-6T7H-RAFN, LEIPZIGER ,MR84,Meraki MR84 Cloud Managed AP,51.34120640602,12.3763400316238,146.0.126.160,192.168.21.9,142740480,41,"",e0:55:3d:10:0b:92,"","",Fri Feb 10 10:22:29 CET 2017,,0
true,OK,now,LVB Richard-Wagner-Platz - NW,e0:55:3d:10:08:1c,Q2EK-BWK6-Y4VN, LEIPZIGER LVB ,MR84,Meraki MR84 Cloud Managed AP,51.344019091564,12.3718285560608,146.0.126.160,192.168.2.166,823194624,441,"",e0:55:3d:10:08:1c,"","",Fri Feb 10 10:22:44 CET 2017,,3
true,OK,now,LVB Leuschnerplatz 2,00:18:0a:23:90:0a,Q2CK-EJ84-G273, LEIPZIGER LVB ,MR66,Meraki MR66 Cloud Managed AP,51.3358009129606,12.3762863874435,146.0.126.160,192.168.1.228,1131828224,324,"",00:18:0a:23:90:0a,"","",Fri Feb 10 10:22:13 CET 2017,,5
true,OK,now,LVB Richard-Wagner-Platz - S,e0:55:3d:10:09:84,Q2EK-QKGY-UHG3, LEIPZIGER LVB ,MR84,Meraki MR84 Cloud Managed AP,51.3439729504344,12.3718787134021,146.0.126.160,192.168.2.167,541566976,126,"",e0:55:3d:10:09:84,"","",Fri Feb 10 10:22:13 CET 2017,,0
true,OK,now,LVB Busbahnhof Lindenau,00:18:0a:5e:3d:70,Q2DK-2NST-YD8T, LEIPZIGER LVB ,MR72,Meraki MR72 Cloud Managed AP,51.3318173406028,12.320425092912,217.254.17.125,192.168.2.103,2563453952,190,"",00:18:0a:5e:3d:70,"","",Fri Feb 10 10:22:38 CET 2017,,2
true,OK,now,LVB Augustusplatz Gewandhaus 2-2,00:18:0a:5d:1e:f0,Q2DK-VVVK-3VM7, LEIPZIGER LVB ,MR72,Meraki MR72 Cloud Managed AP,51.3389459322832,12.3810698387388,146.0.126.160,192.168.3.2,2549579776,322,"",00:18:0a:5d:1e:f0,"","",Fri Feb 10 10:22:17 CET 2017,,5
true,OK,now,LVB Bornaische Str - DVT-L7-AP03,88:15:44:ba:84:d0,Q2JD-HYGW-965S, LEIPZIGER LVB ,MR32,Meraki MR32 Cloud Managed AP,51.2955397,12.3861156,85.239.122.61,192.168.100.17,167624704,6,"",88:15:44:ba:84:d0,"","",Fri Feb 10 10:22:28 CET 2017,,1
true,OK,now,LVB Augustusplatz Hauptpost 1,00:18:0a:23:91:ee,Q2CK-FBR8-CUW6, LEIPZIGER LVB ,MR66,Meraki MR66 Cloud Managed AP,51.3392152017039,12.3821081221104,146.0.126.160,192.168.3.1,2584356864,751,"",00:18:0a:23:91:ee,"","",Fri Feb 10 10:22:36 CET 2017,,6
true,OK,now,LVB Leuschnerplatz 3,00:18:0a:23:9c:4a,Q2CK-KHQU-ZNGF, LEIPZIGER LVB ,MR66,Meraki MR66 Cloud Managed AP,51.3358987331975,12.3755429126322,146.0.126.160,192.168.1.229,3261520896,484,"",00:18:0a:23:9c:4a,"","",Fri Feb 10 10:22:42 CET 2017,,3
true,OK,now,LVB Waldplatz 2-2,e0:55:3d:4a:bf:20,Q2DK-3FWS-ZJ96, LEIPZIGER LVB ,MR72,Meraki MR72 Cloud Managed AP,51.3425923799099,12.3592580076365,146.0.126.160,192.168.13.53,232501248,188,"",e0:55:3d:4a:bf:20,"","",Fri Feb 10 10:21:44 CET 2017,,0
true,OK,now,LWB Pinguin APxx,e0:55:3d:10:08:34,Q2EK-CJMR-D7F2, LEIPZIGER ,MR84,Meraki MR84 Cloud Managed AP,51.3415515629933,12.376189827919,146.0.126.160,192.168.21.8,517908480,60,"",e0:55:3d:10:08:34,"","",Fri Feb 10 10:22:23 CET 2017,,0
true,OK,now,LVB Jahnallee AOK 1-2,e0:55:3d:4b:2c:10,Q2DK-YX4V-DVHH, LEIPZIGER LVB ,MR72,Meraki MR72 Cloud Managed AP,51.3417333892828,12.3570656776428,146.0.126.160,192.168.14.42,878076928,396,"",e0:55:3d:4b:2c:10,"","",Fri Feb 10 10:22:35 CET 2017,,4
true,OK,now,LVB Jahnallee AOK 2-2,e0:55:3d:4b:19:20,Q2DK-Y4RM-3E84, LEIPZIGER LVB ,MR72,Meraki MR72 Cloud Managed AP,51.3416864750815,12.3561322689056,146.0.126.160,192.168.14.43,1526465536,346,"",e0:55:3d:4b:19:20,"","",Fri Feb 10 10:21:14 CET 2017,,2
true,OK,now,LVB Goerdelerring 3,00:18:0a:23:92:30,Q2CK-FF9D-2PQ9, LEIPZIGER LVB ,MR66,Meraki MR66 Cloud Managed AP,51.3443951554796,12.3720976884943,146.0.126.160,192.168.2.2,7505003520,583,"",00:18:0a:23:92:30,"","",Fri Feb 10 10:22:23 CET 2017,,3
true,OK,now,LVB Augustusplatz Hauptpost 2,00:18:0a:23:92:20,Q2CK-FE9A-C8KY, LEIPZIGER LVB ,MR66,Meraki MR66 Cloud Managed AP,51.3391910227868,12.3820965080995,146.0.126.160,192.168.3.178,6897488896,412,"",00:18:0a:23:92:20,"","",Fri Feb 10 10:22:14 CET 2017,,1
true,OK,now,LVB Augustusplatz Gewandhaus 2-1,00:18:0a:5d:14:50,Q2DK-VBA4-NQN3, LEIPZIGER LVB ,MR72,Meraki MR72 Cloud Managed AP,51.338922473762,12.3810966608289,146.0.126.160,192.168.3.180,9893238784,464,"",00:18:0a:5d:14:50,"","",Fri Feb 10 10:22:45 CET 2017,,4
true,OK,now,LVB Jahnallee Sportforum 1-2,88:15:44:2c:b0:80,Q2DK-MTGH-FC5W, LEIPZIGER LVB ,MR72,Meraki MR72 Cloud Managed AP,51.3406744570483,12.3517656326294,146.0.126.160,192.168.16.36,934853632,247,"",88:15:44:2c:b0:80,"","",Fri Feb 10 10:22:38 CET 2017,,3
true,OK,now,LVB Jahnallee Sportforum 2-2,00:18:0a:5d:7e:d0,Q2DK-2G8F-HHAD, LEIPZIGER LVB ,MR72,Meraki MR72 Cloud Managed AP,51.3403795601722,12.3507571220398,146.0.126.160,192.168.16.35,213257216,248,"",00:18:0a:5d:7e:d0,"","",Fri Feb 10 10:21:37 CET 2017,,0
true,OK,now,LVB Jahnallee Sportforum 2-1,00:18:0a:5e:3c:00,Q2DK-2LLX-CFHU, LEIPZIGER LVB ,MR72,Meraki MR72 Cloud Managed AP,51.3403996668376,12.3506820201874,146.0.126.160,192.168.16.37,509316096,268,"",00:18:0a:5e:3c:00,"","",Fri Feb 10 10:21:50 CET 2017,,2
true,OK,now,LVB HBF - Ost2,00:18:0a:23:98:a6,Q2CK-J6AT-4NAV, LEIPZIGER LVB ,MR66,Meraki MR66 Cloud Managed AP,51.3436933871812,12.3809605976567,146.0.126.160,192.168.10.3,35182820352,1434,"",00:18:0a:23:98:a6,"","",Fri Feb 10 10:22:31 CET 2017,,6
true,OK,now,LVB Servicecenter Markgrafenstr 2,88:15:44:2c:a4:00,Q2DK-M6LS-8Q3M, LEIPZIGER LVB ,MR72,Meraki MR72 Cloud Managed AP,51.3366972107825,12.3748953935865,146.0.126.160,192.168.11.2,388152320,109,"",88:15:44:2c:a4:00,"","",Fri Feb 10 10:22:52 CET 2017,,1
true,OK,now,LVB Waldplatz 2-1,e0:55:3d:4a:f2:50,Q2DK-W6TC-492E, LEIPZIGER LVB ,MR72,Meraki MR72 Cloud Managed AP,51.3425905535844,12.3591524362564,146.0.126.160,192.168.13.43,212426752,158,"",e0:55:3d:4a:f2:50,"","",Fri Feb 10 10:21:29 CET 2017,,1
true,OK,now,Schauspielhaus Ring 1 aussen,00:18:0a:5e:82:30,Q2DK-62WV-9FSH, LEIPZIGER ,MR72,Meraki MR72 Cloud Managed AP,51.3411157767825,12.3699465303434,146.0.126.160,192.168.8.197,1276429312,71,"",00:18:0a:5e:82:30,"","",Fri Feb 10 10:22:53 CET 2017,,0
true,OK,now,LVB Rossplatz 1,00:18:0a:23:9c:f8,Q2CK-KSDU-3E32, LEIPZIGER LVB ,MR66,Meraki MR66 Cloud Managed AP,51.3353571059987,12.378644971177,146.0.126.160,192.168.1.230,660423680,500,"",00:18:0a:23:9c:f8,"","",Fri Feb 10 10:22:17 CET 2017,,2
true,OK,now,LVB Leuschnerplatz 1,00:18:0a:23:8f:68,Q2CK-E8LB-SX2Z, LEIPZIGER LVB ,MR66,Meraki MR66 Cloud Managed AP,51.3358277245238,12.3765331506729,146.0.126.160,192.168.1.221,13470720,23,"",00:18:0a:23:8f:68,"","",Fri Feb 10 10:22:34 CET 2017,,0
true,OK,now,LVB Rossplatz 2,00:18:0a:23:90:5a,Q2CK-EMXN-RXJE, LEIPZIGER LVB ,MR66,Meraki MR66 Cloud Managed AP,51.3355067,12.3786736,146.0.126.160,192.168.1.1,6365841408,341,"",00:18:0a:23:90:5a,"","",Fri Feb 10 10:22:12 CET 2017,,4
true,OK,now,LVB Leuschnerplatz 4,00:18:0a:23:8f:40,Q2CK-E76F-R47L, LEIPZIGER LVB ,MR66,Meraki MR66 Cloud Managed AP,51.3358545360714,12.3753207921982,146.0.126.160,192.168.1.226,1173237760,423,"",00:18:0a:23:8f:40,"","",Fri Feb 10 10:22:35 CET 2017,,3
true,Unreachable for <var data-var='duration'>about 1 hour</var>,about 1 hour,LVB Zentrale Vertrieb Zi23.05,88:15:44:ba:75:40,Q2JD-HL89-UTM6, LEIPZIGER LVB ,MR32,Meraki MR32 Cloud Managed AP,51.3401661609104,12.3833978887706,87.172.141.184,192.168.2.103,5991424,4,"",88:15:44:ba:75:40,"","",Fri Feb 10 09:28:58 CET 2017,,0
true,OK,now,LVB Hauptbahnhof Mobiturm innen,88:15:44:bb:4d:f0,Q2JD-P7NU-SRVY, LEIPZIGER LVB ,MR32,Meraki MR32 Cloud Managed AP,51.3437295105828,12.3788353978671,146.0.126.160,192.168.10.125,1420261376,25,"",88:15:44:bb:4d:f0,"","",Fri Feb 10 10:20:58 CET 2017,,0
true,OK,now,Schauspielhaus Baustelle,88:15:44:bb:6a:40,Q2JD-PXJV-2VPQ, LEIPZIGER SCHAUSPIEL ,MR32,Meraki MR32 Cloud Managed AP,51.3411258299549,12.3698204665197,146.0.126.160,192.168.8.193,95750144,5,"",88:15:44:bb:6a:40,"","",Fri Feb 10 10:22:24 CET 2017,,0
true,OK,now,LVB Zentrale indoor 1,88:15:44:bc:66:40,Q2JD-WFJD-MS79, LEIPZIGER LVB ,MR32,Meraki MR32 Cloud Managed AP,51.3400802377759,12.383759021759,87.172.141.184,192.168.2.102,4766720,3,"",88:15:44:bc:66:40,"","",Fri Feb 10 10:22:36 CET 2017,,1
true,OK,now,LVB Waldplatz 1-1,e0:55:3d:4b:38:c0,Q2DK-ZMCB-FRAR, LEIPZIGER LVB ,MR72,Meraki MR72 Cloud Managed AP,51.3423329486946,12.3595944637782,146.0.126.160,192.168.13.44,511240192,106,"",e0:55:3d:4b:38:c0,"","",Fri Feb 10 10:22:23 CET 2017,,2
true,OK,now,LVB Busbahnhof Lindenau Indoor,88:15:44:ba:6c:d0,Q2JD-HDX8-LYTE, LEIPZIGER LVB ,MR32,Meraki MR32 Cloud Managed AP,51.3313279843025,12.320956170297,217.254.17.125,192.168.2.101,1790711808,19,"",88:15:44:ba:6c:d0,"","",Fri Feb 10 10:22:49 CET 2017,,2
true,OK,now,LVB Zentrale indoor 2,88:15:44:bc:9f:b0,Q2JD-XXCU-2R4F, LEIPZIGER LVB ,MR32,Meraki MR32 Cloud Managed AP,51.34038,12.38324,87.172.141.184,192.168.2.109,211820544,3,"",88:15:44:bc:9f:b0,"","",Fri Feb 10 10:22:01 CET 2017,,0
true,OK,now,Schauspielhaus Ring 2 aussen,00:18:0a:5e:84:80,Q2DK-66T4-KMJZ, LEIPZIGER ,MR72,Meraki MR72 Cloud Managed AP,51.341017406389,12.3701245485427,146.0.126.160,192.168.8.195,1100130304,76,"",00:18:0a:5e:84:80,"","",Fri Feb 10 10:22:50 CET 2017,,0
true,OK,now,LVB Bornaische Str - DVT-3OG-AP01,e0:55:3d:49:0e:60,Q2JD-3T4C-Q37F, LEIPZIGER LVB ,MR32,Meraki MR32 Cloud Managed AP,51.2955397,12.3861156,85.239.122.61,192.168.100.18,287679488,12,"",e0:55:3d:49:0e:60,"","",Fri Feb 10 10:22:42 CET 2017,,0
true,OK,now,Schauspielhaus Buehne rechts,88:15:44:bb:69:d0,Q2JD-PWYY-SSKU, LEIPZIGER SCHAUSPIEL ,MR32,Meraki MR32 Cloud Managed AP,51.3410001483703,12.3698660909213,146.0.126.162,192.168.8.198,117527552,11,"",88:15:44:bb:69:d0,"","",Fri Feb 10 10:22:16 CET 2017,,0
true,OK,now,Schauspielhaus Buehne links,88:15:44:ba:48:e0,Q2JD-GHUJ-N3NH, LEIPZIGER SCHAUSPIEL ,MR32,Meraki MR32 Cloud Managed AP,51.3409515578835,12.3697936712779,146.0.126.161,192.168.8.172,124049408,11,"",88:15:44:ba:48:e0,"","",Fri Feb 10 10:22:36 CET 2017,,0
true,OK,now,LVB Servicecenter Markgrafenstr,e0:55:3d:58:1b:90,Q2JD-FD7R-T4G5, LEIPZIGER LVB ,MR32,Meraki MR32 Cloud Managed AP,51.3367642383506,12.3746432659391,146.0.126.160,192.168.11.204,114045952,32,"",e0:55:3d:58:1b:90,"","",Fri Feb 10 10:22:51 CET 2017,,0
true,Unreachable for <var data-var='duration'>5 days</var>,5 days,LVB Jahnallee AOK 1-1,e0:55:3d:65:b0:f0,Q2DK-PCWD-RZT3, LEIPZIGER LVB ,MR72,Meraki MR72 Cloud Managed AP,51.3417478656798,12.357155263162,146.0.126.160,192.168.14.1,0,0,"",e0:55:3d:65:b0:f0,"","",Sun Feb 05 15:27:23 CET 2017,,0
false,OK,now,LVB Busbahnhof Lindenau Trace,88:15:44:ba:74:70,Q2JD-HKB3-H35M, LEIPZIGER LVB ,MR32,Meraki MR32 Cloud Managed AP,51.331829541282,12.3216540802969,217.254.17.125,N/A,58365952,5,0.0,88:15:44:ba:6c:d0,1,"",Fri Feb 10 10:22:53 CET 2017,,1
true,OK,now,HLkomm - Testanlagen,e0:55:3d:b2:9b:60,Q2JD-6WDM-K6RH, LEIPZIGER ,MR32,Meraki MR32 Cloud Managed AP,51.3350598,12.3716687,85.232.12.227,192.168.10.50,161087488,4,"",e0:55:3d:b2:9b:60,"","",Fri Feb 10 10:22:40 CET 2017,,0
true,OK,now,Schauspielhaus Foyer Garderoben,88:15:44:bb:6a:60,Q2JD-PXLM-LRLF, LEIPZIGER SCHAUSPIEL ,MR32,Meraki MR32 Cloud Managed AP,51.3410504143368,12.3698955952204,146.0.126.163,192.168.8.173,725036032,27,"",88:15:44:bb:6a:60,"","",Fri Feb 10 10:22:47 CET 2017,,0
true,OK,now,NATO indoor,88:15:44:ba:de:a0,Q2JD-LB7Y-TYPY, LEIPZIGER NATO ,MR32,Meraki MR32 Cloud Managed AP,51.32525,12.37301,109.104.56.193,,108157952,5,"",88:15:44:ba:de:a0,"","",Fri Feb 10 10:22:19 CET 2017,,0
true,Unreachable for <var data-var='duration'>18 days</var>,18 days,Zeitg.Forum AP4,88:15:44:ba:43:70,Q2JD-GCFE-P4FZ, DOK LEIPZIGER ,MR32,Meraki MR32 Cloud Managed AP,51.33977162263,12.3757195561666,109.104.56.225,,0,0,"",88:15:44:ba:43:70,"","",Mon Jan 23 09:02:30 CET 2017,,0
true,Unreachable for <var data-var='duration'>about 1 month</var>,about 1 month,e0:55:3d:4b:13:e0,e0:55:3d:4b:13:e0,Q2DK-XTB4-L6WK, recently-added ,MR72,Meraki MR72 Cloud Managed AP,51.3424997092507,12.3758554636515,109.104.56.109,,0,0,"",e0:55:3d:4b:13:e0,"","",Mon Dec 12 10:23:26 CET 2016,,0
true,Unreachable for <var data-var='duration'>about 1 month</var>,about 1 month,e0:55:3d:4b:03:a0,e0:55:3d:4b:03:a0,Q2DK-X2YM-2HWU, recently-added ,MR72,Meraki MR72 Cloud Managed AP,51.342501384729,12.3757696329631,109.104.56.70,,0,0,"",e0:55:3d:4b:03:a0,"","",Wed Dec 14 16:23:56 CET 2016,,0
true,Unreachable for <var data-var='duration'>about 1 month</var>,about 1 month,e0:55:3d:65:67:20,e0:55:3d:65:67:20,Q2DK-KLCY-3BXN, recently-added ,MR72,Meraki MR72 Cloud Managed AP,51.3424997092507,12.3756864844836,109.104.56.67,,0,0,"",e0:55:3d:65:67:20,"","",Wed Dec 14 16:39:07 CET 2016,,0
true,Unreachable for <var data-var='duration'>3 months</var>,3 months,,e0:55:3d:65:62:60,Q2DK-KC8B-NDAF, LAGER recently-added ,MR72,Meraki MR72 Cloud Managed AP,51.33754,12.37422,109.104.56.80,,0,0,"",e0:55:3d:65:62:60,"","",Mon Nov 07 09:56:06 CET 2016,,0
true,Unreachable for <var data-var='duration'>about 1 month</var>,about 1 month,,e0:55:3d:39:62:10,Q2JD-TAE9-4NBJ, BEI-PENTA recently-added ,MR32,Meraki MR32 Cloud Managed AP,37.4180951010362,-122.098531723022,80.64.182.241,192.168.1.243,0,0,"",e0:55:3d:39:62:10,"","",Thu Jan 05 16:17:33 CET 2017,,0
true,Unreachable for <var data-var='duration'>18 days</var>,18 days,,e0:55:3d:26:91:20,Q2JD-TD4M-8XTX, LAGER recently-added ,MR32,Meraki MR32 Cloud Managed AP,51.33754,12.37422,80.64.182.241,192.168.1.28,0,0,"",e0:55:3d:26:91:20,"","",Mon Jan 23 08:28:56 CET 2017,,0
true,Unreachable for <var data-var='duration'>about 1 month</var>,about 1 month,,88:15:44:ba:7a:80,Q2JD-HPE6-NMBB, LAGER recently-added ,MR32,Meraki MR32 Cloud Managed AP,51.33754,12.37422,80.64.182.241,192.168.1.6,0,0,"",88:15:44:ba:7a:80,"","",Thu Jan 05 16:16:43 CET 2017,,0
true,Unreachable for <var data-var='duration'>23 days</var>,23 days,88:15:44:ba:77:50,88:15:44:ba:77:50,Q2JD-HMLM-X22J, BEI-PENTA recently-added ,MR32,Meraki MR32 Cloud Managed AP,51.33754,12.37422,80.64.182.241,192.168.1.12,0,0,"",88:15:44:ba:77:50,"","",Wed Jan 18 15:50:27 CET 2017,,0
false,Unreachable for <var data-var='duration'>about 1 month</var>,about 1 month,Zeitg.Forum AP2,e0:55:3d:65:b4:d0,Q2DK-PK8E-MJFE, recently-added ,MR72,Meraki MR72 Cloud Managed AP,51.3397967562938,12.3757195561666,146.0.126.160,N/A,0,0,-16,00:18:0a:5e:1e:40,2,"",Sat Dec 17 12:27:18 CET 2016,,0
false,Has never connected to the Meraki cloud,about 47 years,,e0:55:3d:65:72:40,Q2DK-L6AC-2R35, LVB recently-added ,MR72,Meraki MR72 Cloud Managed AP,37.4180951010362,-122.098531723022,,N/A,0,0,-16,00:18:0a:00:00:00,99,"",Thu Jan 01 01:00:00 CET 1970,,0
false,Has never connected to the Meraki cloud,about 47 years,,e0:55:3d:65:67:b0,Q2DK-KM4G-QWTD, recently-added ,MR72,Meraki MR72 Cloud Managed AP,37.4180951010362,-122.098531723022,,N/A,0,0,-16,00:18:0a:00:00:00,99,"",Thu Jan 01 01:00:00 CET 1970,,0
false,Has never connected to the Meraki cloud,about 47 years,,e0:55:3d:65:61:b0,Q2DK-KAWQ-MW26, recently-added ,MR72,Meraki MR72 Cloud Managed AP,37.4180951010362,-122.098531723022,,N/A,0,0,-16,00:18:0a:00:00:00,99,"",Thu Jan 01 01:00:00 CET 1970,,0
true,Unreachable for <var data-var='duration'>3 months</var>,3 months,,e0:55:3d:4b:3a:40,Q2DK-ZPJP-SMS8, recently-added ,MR72,Meraki MR72 Cloud Managed AP,51.33754,12.37422,109.104.56.101,,0,0,"",e0:55:3d:4b:3a:40,"","",Mon Nov 07 09:54:18 CET 2016,,0
true,Unreachable for <var data-var='duration'>3 months</var>,3 months,,e0:55:3d:4b:35:40,Q2DK-ZDEX-JNFP, recently-added ,MR72,Meraki MR72 Cloud Managed AP,51.33754,12.37422,109.104.56.75,,0,0,"",e0:55:3d:4b:35:40,"","",Mon Nov 07 09:55:00 CET 2016,,0
false,Unreachable for <var data-var='duration'>about 1 month</var>,about 1 month,Zeitg.Forum AP3,e0:55:3d:4a:f0:60,Q2DK-W35S-7ZMH, recently-added ,MR72,Meraki MR72 Cloud Managed AP,51.33977162263,12.3756766408223,109.104.56.225,N/A,0,0,-16,00:18:0a:5e:1e:40,2,"",Sat Dec 17 11:28:12 CET 2016,,0
true,Unreachable for <var data-var='duration'>3 months</var>,3 months,,e0:55:3d:4a:d6:e0,Q2DK-UQFN-XEDX, recently-added ,MR72,Meraki MR72 Cloud Managed AP,51.33754,12.37422,109.104.56.117,,0,0,"",e0:55:3d:4a:d6:e0,"","",Mon Nov 07 09:55:56 CET 2016,,0
false,Has never connected to the Meraki cloud,about 47 years,,e0:55:3d:10:0e:52,Q2EK-S74T-8CLR, DOK-NEU recently-added ,MR84,Meraki MR84 Cloud Managed AP,37.4180951010362,-122.098531723022,,N/A,0,0,-16,00:18:0a:00:00:00,99,"",Thu Jan 01 01:00:00 CET 1970,,0
false,Has never connected to the Meraki cloud,about 47 years,,e0:55:3d:10:0e:34,Q2EK-RBHJ-EBJK, DOK-NEU recently-added ,MR84,Meraki MR84 Cloud Managed AP,37.4180951010362,-122.098531723022,,N/A,0,0,-16,00:18:0a:00:00:00,99,"",Thu Jan 01 01:00:00 CET 1970,,0
false,Has never connected to the Meraki cloud,about 47 years,,e0:55:3d:10:0e:28,Q2EK-R4QV-EJNM, DOK-NEU recently-added ,MR84,Meraki MR84 Cloud Managed AP,37.4180951010362,-122.098531723022,,N/A,0,0,-16,00:18:0a:00:00:00,99,"",Thu Jan 01 01:00:00 CET 1970,,0
false,Has never connected to the Meraki cloud,about 47 years,,e0:55:3d:10:0d:a4,Q2EK-MM9J-K7Y8, DOK-NEU recently-added ,MR84,Meraki MR84 Cloud Managed AP,37.4180951010362,-122.098531723022,,N/A,0,0,-16,00:18:0a:00:00:00,99,"",Thu Jan 01 01:00:00 CET 1970,,0
true,Unreachable for <var data-var='duration'>24 days</var>,24 days,Regiocast_TEST,e0:55:3d:10:0d:3e,Q2EK-JRD7-G22S, recently-added ,MR84,Meraki MR84 Cloud Managed AP,51.3401310243257,12.3741611927289,146.0.126.160,192.168.12.3,0,0,"",e0:55:3d:10:0d:3e,"","",Tue Jan 17 09:53:01 CET 2017,,0
false,Has never connected to the Meraki cloud,about 47 years,,e0:55:3d:10:0c:18,Q2EK-A6ME-C8G8, DOK-NEU recently-added ,MR84,Meraki MR84 Cloud Managed AP,37.4180951010362,-122.098531723022,,N/A,0,0,-16,00:18:0a:00:00:00,99,"",Thu Jan 01 01:00:00 CET 1970,,0
false,Has never connected to the Meraki cloud,about 47 years,,e0:55:3d:10:0b:54,Q2EK-4SSV-GM8E, neu recently-added ,MR84,Meraki MR84 Cloud Managed AP,37.4180951010362,-122.098531723022,,N/A,0,0,-16,00:18:0a:00:00:00,99,"",Thu Jan 01 01:00:00 CET 1970,,0
false,Has never connected to the Meraki cloud,about 47 years,,e0:55:3d:10:0a:90,Q2EK-YQBN-SWHF, neu recently-added ,MR84,Meraki MR84 Cloud Managed AP,37.4180951010362,-122.098531723022,,N/A,0,0,-16,00:18:0a:00:00:00,99,"",Thu Jan 01 01:00:00 CET 1970,,0
false,Has never connected to the Meraki cloud,about 47 years,,e0:55:3d:10:0a:52,Q2EK-WWMN-QS9E, neu recently-added ,MR84,Meraki MR84 Cloud Managed AP,37.4180951010362,-122.098531723022,,N/A,0,0,-16,00:18:0a:00:00:00,99,"",Thu Jan 01 01:00:00 CET 1970,,0
false,Has never connected to the Meraki cloud,about 47 years,,e0:55:3d:10:0a:10,Q2EK-UWZ2-99SZ, neu recently-added ,MR84,Meraki MR84 Cloud Managed AP,37.4180951010362,-122.098531723022,,N/A,0,0,-16,00:18:0a:00:00:00,99,"",Thu Jan 01 01:00:00 CET 1970,,0
false,Has never connected to the Meraki cloud,about 47 years,,e0:55:3d:10:08:42,Q2EK-CX6Q-BB6V, neu recently-added ,MR84,Meraki MR84 Cloud Managed AP,37.4180951010362,-122.098531723022,,N/A,0,0,-16,00:18:0a:00:00:00,99,"",Thu Jan 01 01:00:00 CET 1970,,0
false,Has never connected to the Meraki cloud,about 47 years,,e0:55:3d:10:08:3c,Q2EK-CU5G-HVY3, neu recently-added ,MR84,Meraki MR84 Cloud Managed AP,37.4180951010362,-122.098531723022,,N/A,0,0,-16,00:18:0a:00:00:00,99,"",Thu Jan 01 01:00:00 CET 1970,,0
false,Has never connected to the Meraki cloud,about 47 years,,e0:55:3d:10:08:2a,Q2EK-C95K-JNPV, neu recently-added ,MR84,Meraki MR84 Cloud Managed AP,37.4180951010362,-122.098531723022,,N/A,0,0,-16,00:18:0a:00:00:00,99,"",Thu Jan 01 01:00:00 CET 1970,,0
true,Unreachable for <var data-var='duration'>about 1 year</var>,about 1 year,ITUMA - Test-AP Portal,88:15:44:be:8b:f0,Q2JD-CH9U-45FS, CITY ITUMA recently-added ,MR32,Meraki MR32 Cloud Managed AP,50.9658091681455,9.00001287460327,84.135.55.125,10.10.10.45,0,0,"",88:15:44:be:8b:f0,"","",Wed Dec 02 11:08:36 CET 2015,,0
false,Unreachable for <var data-var='duration'>about 1 month</var>,about 1 month,Zeitg.Forum AP1,88:15:44:ba:47:50,Q2JD-GGJV-SQAB, recently-added ,MR32,Meraki MR32 Cloud Managed AP,51.3397984318709,12.3756752997178,146.0.126.160,N/A,0,0,-16,00:18:0a:5e:1e:40,1,"",Sat Dec 17 12:27:10 CET 2016,,0
false,Has never connected to the Meraki cloud,about 47 years,,00:18:0a:5b:cd:c0,Q2DK-CD8J-E4YT, recently-added ,MR72,Meraki MR72 Cloud Managed AP,37.4180951010362,-122.098531723022,,N/A,0,0,-16,00:18:0a:00:00:00,99,"",Thu Jan 01 01:00:00 CET 1970,,0
false,Has never connected to the Meraki cloud,about 47 years,LVB Feuerbachstraße 1,00:18:0a:5d:67:60,Q2DK-ZFA7-J4HB, LEIPZIGER LVB ,MR72,Meraki MR72 Cloud Managed AP,51.3348040438115,12.371767830482,,N/A,0,0,-16,00:18:0a:00:00:00,99,"",Thu Jan 01 01:00:00 CET 1970,,0
false,Has never connected to the Meraki cloud,about 47 years,LVB Feuerbachstraße 1,00:18:0a:5d:02:60,Q2DK-UBYW-VFFW, LEIPZIGER LVB ,MR72,Meraki MR72 Cloud Managed AP,51.3348040438115,12.3719394918589,,N/A,0,0,-16,00:18:0a:00:00:00,99,"",Thu Jan 01 01:00:00 CET 1970,,0
true,Unreachable for <var data-var='duration'>about 1 year</var>,about 1 year,LVV 1,00:18:0a:5e:a4:80,Q2DK-7YRZ-D6LW, LEIPZIGER TEMP ,MR72,Meraki MR72 Cloud Managed AP,51.340479764621,12.3770606238395,146.0.104.0,192.168.6.5,0,0,"",00:18:0a:5e:a4:80,"","",Mon Jan 11 18:53:52 CET 2016,,0
true,Unreachable for <var data-var='duration'>about 1 year</var>,about 1 year,88:15:44:ba:75:f0,88:15:44:ba:75:f0,Q2JD-HLQG-8WGV, LEIPZIGER LVB ,MR32,Meraki MR32 Cloud Managed AP,51.3345990643209,12.3714710705099,109.104.54.8,192.168.3.250,0,0,"",88:15:44:ba:75:f0,"","",Wed Jan 20 13:40:08 CET 2016,,0
true,Unreachable for <var data-var='duration'>7 months</var>,7 months,LVV 3,00:18:0a:5e:a5:d0,Q2DK-82FX-V6ME, LEIPZIGER TEMP ,MR72,Meraki MR72 Cloud Managed AP,51.3403356669087,12.3768406827003,146.0.126.160,192.168.6.23,0,0,"",00:18:0a:5e:a5:d0,"","",Fri Jul 29 04:38:23 CEST 2016,,0
true,Unreachable for <var data-var='duration'>6 months</var>,6 months,LVV 2,00:18:0a:5e:62:40,Q2DK-4GLK-S234, LEIPZIGER TEMP ,MR72,Meraki MR72 Cloud Managed AP,51.3404831157252,12.3768675047904,146.0.126.160,192.168.6.27,0,0,"",00:18:0a:5e:62:40,"","",Mon Aug 08 06:27:56 CEST 2016,,0
